{
    "camera_positions": [
        [
            1.5,
            1.0,
            -1.0
        ],
        [
            -0.4899911341403176,
            0.9986168739239375,
            -1.1998333630933327
        ],
        [
            0.922793364378613,
            0.9650933384846809,
            0.21541083255498905
        ]
    ],
    "calibration_data": {
        "timestamp": "2025-02-02T12:58:13.027801",
        "num_cameras": 3,
        "resolution": [
            [
                640,
                480
            ],
            [
                640,
                480
            ],
            [
                640,
                480
            ]
        ],
        "R12": [
            [
                0.9997607275959272,
                -0.00014285878088147308,
                -0.021873891931510597
            ],
            [
                0.00014472077300387668,
                0.9999999860384009,
                8.35409827888415e-05
            ],
            [
                0.021873879691553143,
                -8.668660028622064e-05,
                0.9997607343123016
            ]
        ],
        "t12": [
            -0.9949955670701588,
            -0.0006915630380312274,
            -0.09991668154666629
        ],
        "R23": [
            [
                0.06110911116884992,
                -0.02279571758683055,
                0.9978707490411041
            ],
            [
                -0.02597870246285263,
                -0.9994368140035026,
                -0.021240570446069855
            ],
            [
                0.9977929562542018,
                -0.024625394905044035,
                -0.06166689853779677
            ]
        ],
        "t23": [
            0.7216992439466752,
            -0.016924023175108337,
            0.6919998401201878
        ]
    }
}