{
    "camera_positions": [
        [
            1.5,
            1.0,
            -1.0
        ],
        [
            3.499968511551272,
            1.011218845712202,
            -0.9996994933027166
        ],
        [
            5.499908119873523,
            1.026562542281974,
            -0.9972227940042608
        ]
    ],
    "calibration_data": {
        "timestamp": "2025-02-02T12:42:45.966588",
        "num_cameras": 3,
        "resolution": [
            [
                640,
                480
            ],
            [
                640,
                480
            ],
            [
                640,
                480
            ]
        ],
        "R12": [
            [
                0.9999929672955743,
                -0.003738025930132728,
                -0.00030417353294794476
            ],
            [
                0.0037354543437446543,
                0.999960571519043,
                -0.008056164605757915
            ],
            [
                0.0003342756920417287,
                0.008054971722788462,
                0.9999675023171035
            ]
        ],
        "t12": [
            0.999984255775636,
            0.0056094228561010305,
            0.00015025334864174282
        ],
        "R23": [
            [
                0.999968500752847,
                0.007800749174339139,
                -0.0014648598643647306
            ],
            [
                -0.007824297734544175,
                0.9998278495718926,
                -0.01682413698844836
            ],
            [
                0.0013333668153907676,
                0.016835068540517382,
                0.9998573911314409
            ]
        ],
        "t23": [
            0.9999918434582445,
            0.003943607609665458,
            0.0008723393849468822
        ]
    }
}