{
    "camera_positions": [
        [
            1.5,
            1.0,
            -1.0
        ],
        [
            0.7700421335380644,
            1.1736996567851044,
            0.8539120643717373
        ],
        [
            0.05699215683373693,
            1.3219246004946827,
            2.716595369924307
        ]
    ],
    "calibration_data": {
        "timestamp": "2024-10-23T23:14:48.159386",
        "num_cameras": 3,
        "resolution": [
            [
                640,
                480
            ],
            [
                640,
                480
            ],
            [
                640,
                480
            ]
        ],
        "R12": [
            [
                0.3604330334072106,
                0.6689631585554804,
                -0.6500587057522974
            ],
            [
                -0.929929837917028,
                0.3121856271345848,
                -0.19434667674595346
            ],
            [
                0.07292821799884358,
                0.6745579491089412,
                0.7346108141822115
            ]
        ],
        "t12": [
            -0.3649789332309678,
            0.08684982839255219,
            0.9269560321858686
        ],
        "R23": [
            [
                0.24795567762167467,
                0.8421927978429898,
                -0.4787789398005857
            ],
            [
                0.7430335352197694,
                -0.48244853003228566,
                -0.46383680471529853
            ],
            [
                -0.6216262120229387,
                -0.24073783900974813,
                -0.7454033440996418
            ]
        ],
        "t23": [
            -0.12950169489172295,
            0.41287868140896516,
            0.9015323097139477
        ]
    }
}